<?xml version="1.0" encoding="UTF-8"?>
<ldata xmlns="http://utkl.cuni.cz/czesl/">
  <head>
    <schema href="ldata_schema.xml" />
    <references>
      <reffile id="a" name="adata" href="HRD_IE_124_t_1.a.xml" />
      <reffile id="todo" name="tagset" href="http://utkl.cuni.cz/czesl/L2/2" />
    </references>
  </head>
  <doc id="w-HRD_IE_124_t_1-d1" lowerdoc.rf="a#w-HRD_IE_124_t_1-d1">
    <para id="b-HRD_IE_124_t_1-d1p1" lowerpara.rf="a#a-HRD_IE_124_t_1-d1p1">
      <s id="b-HRD_IE_124_t_1-d1p1s1">
        <w id="b-HRD_IE_124_t_1-d1p1w1">
          <token>1</token>
          <edge id="HRD_IE_124_t_1.b-e0">
            <from>a#a-HRD_IE_124_t_1-d1p1w1</from>
          </edge>
        </w>
        <w id="b-HRD_IE_124_t_1-d1p1w2">
          <token>.</token>
          <edge id="HRD_IE_124_t_1.b-e1">
            <from>a#a-HRD_IE_124_t_1-d1p1w2</from>
          </edge>
        </w>
      </s>
      <s id="b-HRD_IE_124_t_1-d1p1s2">
        <w id="b-HRD_IE_124_t_1-d1p1w3">
          <token>Dostala</token>
          <edge id="HRD_IE_124_t_1.b-e2">
            <from>a#a-HRD_IE_124_t_1-d1p1w3</from>
          </edge>
        </w>
        <w id="b-HRD_IE_124_t_1-d1p1w4">
          <token>jsem</token>
          <edge id="HRD_IE_124_t_1.b-e3">
            <from>a#a-HRD_IE_124_t_1-d1p1w4</from>
          </edge>
        </w>
        <w id="b-HRD_IE_124_t_1-d1p1w5">
          <token>volno</token>
          <edge id="HRD_IE_124_t_1.b-e4">
            <from>a#a-HRD_IE_124_t_1-d1p1w5</from>
          </edge>
        </w>
        <w id="b-HRD_IE_124_t_1-d1p1w6">
          <token>a</token>
          <edge id="HRD_IE_124_t_1.b-e5">
            <from>a#a-HRD_IE_124_t_1-d1p1w6</from>
          </edge>
        </w>
        <w id="b-HRD_IE_124_t_1-d1p1w7">
          <token>chtěla</token>
          <edge id="HRD_IE_124_t_1.b-e6">
            <from>a#a-HRD_IE_124_t_1-d1p1w7</from>
          </edge>
        </w>
        <w id="b-HRD_IE_124_t_1-d1p1w8">
          <token>jsem</token>
          <edge id="HRD_IE_124_t_1.b-e7">
            <from>a#a-HRD_IE_124_t_1-d1p1w8</from>
          </edge>
        </w>
        <w id="b-HRD_IE_124_t_1-d1p1w9">
          <token>jít</token>
          <edge id="HRD_IE_124_t_1.b-e8">
            <from>a#a-HRD_IE_124_t_1-d1p1w9</from>
          </edge>
        </w>
      </s>
    </para>
    <para id="b-HRD_IE_124_t_1-d1p2" lowerpara.rf="a#a-HRD_IE_124_t_1-d1p2">
      <s id="b-HRD_IE_124_t_1-d1p2s1">
        <w id="b-HRD_IE_124_t_1-d1p2w1">
          <token>2</token>
          <edge id="HRD_IE_124_t_1.b-e86">
            <from>a#a-HRD_IE_124_t_1-d1p2w1</from>
          </edge>
        </w>
        <w id="b-HRD_IE_124_t_1-d1p2w2">
          <token>.</token>
          <edge id="HRD_IE_124_t_1.b-e87">
            <from>a#a-HRD_IE_124_t_1-d1p2w2</from>
          </edge>
        </w>
        <w id="b-HRD_IE_124_t_1-d1p2w3">
          <token>Viděl</token>
          <edge id="HRD_IE_124_t_1.b-e88">
            <from>a#a-HRD_IE_124_t_1-d1p2w3</from>
          </edge>
        </w>
        <w id="b-HRD_IE_124_t_1-d1p2w4">
          <token>jsem</token>
          <edge id="HRD_IE_124_t_1.b-e89">
            <from>a#a-HRD_IE_124_t_1-d1p2w4</from>
          </edge>
        </w>
        <w id="b-HRD_IE_124_t_1-d1p2w5">
          <token>hezkou</token>
          <edge id="HRD_IE_124_t_1.b-e90">
            <from>a#a-HRD_IE_124_t_1-d1p2w5</from>
          </edge>
        </w>
        <w id="b-HRD_IE_124_t_1-d1p2w12">
          <token>,</token>
          <edge id="HRD_IE_124_t_1.b-e97" />
        </w>
        <w id="b-HRD_IE_124_t_1-d1p2w6">
          <token>krásnou</token>
          <edge id="HRD_IE_124_t_1.b-e91">
            <from>a#a-HRD_IE_124_t_1-d1p2w6</from>
          </edge>
        </w>
        <w id="b-HRD_IE_124_t_1-d1p2w7">
          <token>holku</token>
          <edge id="HRD_IE_124_t_1.b-e92">
            <from>a#a-HRD_IE_124_t_1-d1p2w7</from>
          </edge>
        </w>
      </s>
    </para>
  </doc>
</ldata>

