<?xml version="1.0" encoding="UTF-8"?><module codename="org.netbeans.modules.parsing.api/1">
    <module_version install_time="1394472658493" last="true" origin="installer" specification_version="1.73.1.8">
        <file crc="3233347998" name="config/Modules/org-netbeans-modules-parsing-api.xml"/>
        <file crc="2916258793" name="modules/locale/org-netbeans-modules-parsing-api_ja.jar"/>
        <file crc="3867141387" name="modules/locale/org-netbeans-modules-parsing-api_pt_BR.jar"/>
        <file crc="538335135" name="modules/locale/org-netbeans-modules-parsing-api_ru.jar"/>
        <file crc="2709886105" name="modules/locale/org-netbeans-modules-parsing-api_zh_CN.jar"/>
        <file crc="3240514358" name="modules/org-netbeans-modules-parsing-api.jar"/>
    </module_version>
</module>
