<?xml version="1.0" encoding="UTF-8"?><module codename="org.netbeans.modules.tasklist.ui/1">
    <module_version install_time="1394472670930" last="true" origin="installer" specification_version="1.26.1.1.1">
        <file crc="2796626611" name="config/Modules/org-netbeans-modules-tasklist-ui.xml"/>
        <file crc="1331376108" name="modules/locale/org-netbeans-modules-tasklist-ui_ja.jar"/>
        <file crc="3450562951" name="modules/locale/org-netbeans-modules-tasklist-ui_pt_BR.jar"/>
        <file crc="2560492601" name="modules/locale/org-netbeans-modules-tasklist-ui_ru.jar"/>
        <file crc="1623428498" name="modules/locale/org-netbeans-modules-tasklist-ui_zh_CN.jar"/>
        <file crc="3515783010" name="modules/org-netbeans-modules-tasklist-ui.jar"/>
    </module_version>
</module>
