<?xml version="1.0" encoding="UTF-8"?><module codename="org.netbeans.modules.spellchecker">
    <module_version install_time="1394472607161" last="true" origin="installer" specification_version="1.30.1.1.7">
        <file crc="3457150688" name="config/Modules/org-netbeans-modules-spellchecker.xml"/>
        <file crc="1645459819" name="modules/locale/org-netbeans-modules-spellchecker_ja.jar"/>
        <file crc="479171070" name="modules/locale/org-netbeans-modules-spellchecker_pt_BR.jar"/>
        <file crc="2104582473" name="modules/locale/org-netbeans-modules-spellchecker_ru.jar"/>
        <file crc="3182969075" name="modules/locale/org-netbeans-modules-spellchecker_zh_CN.jar"/>
        <file crc="1422430169" name="modules/org-netbeans-modules-spellchecker.jar"/>
    </module_version>
</module>
