<?xml version="1.0" encoding="UTF-8"?><module codename="org.netbeans.modules.editor.fold/1">
    <module_version install_time="1394472416622" last="true" origin="installer" specification_version="1.39.1">
        <file crc="1352432432" name="config/Modules/org-netbeans-modules-editor-fold.xml"/>
        <file crc="1629762831" name="modules/locale/org-netbeans-modules-editor-fold_ja.jar"/>
        <file crc="95157450" name="modules/locale/org-netbeans-modules-editor-fold_pt_BR.jar"/>
        <file crc="3076547660" name="modules/locale/org-netbeans-modules-editor-fold_ru.jar"/>
        <file crc="716663844" name="modules/locale/org-netbeans-modules-editor-fold_zh_CN.jar"/>
        <file crc="3212869830" name="modules/org-netbeans-modules-editor-fold.jar"/>
    </module_version>
</module>
