<?xml version="1.0" encoding="UTF-8"?><module codename="org.netbeans.modules.project.indexingbridge">
    <module_version install_time="1394471443758" last="true" origin="installer" specification_version="1.12.1">
        <file crc="3141148986" name="config/Modules/org-netbeans-modules-project-indexingbridge.xml"/>
        <file crc="953105645" name="modules/locale/org-netbeans-modules-project-indexingbridge_ja.jar"/>
        <file crc="2850599147" name="modules/locale/org-netbeans-modules-project-indexingbridge_pt_BR.jar"/>
        <file crc="2760415508" name="modules/locale/org-netbeans-modules-project-indexingbridge_ru.jar"/>
        <file crc="2720066766" name="modules/locale/org-netbeans-modules-project-indexingbridge_zh_CN.jar"/>
        <file crc="1041462604" name="modules/org-netbeans-modules-project-indexingbridge.jar"/>
    </module_version>
</module>
