<?xml version="1.0" encoding="UTF-8"?><module codename="org.netbeans.modules.editor.settings.storage/1">
    <module_version install_time="1394472410496" last="true" origin="installer" specification_version="1.44.1">
        <file crc="417708896" name="config/Modules/org-netbeans-modules-editor-settings-storage.xml"/>
        <file crc="1669071121" name="modules/locale/org-netbeans-modules-editor-settings-storage_ja.jar"/>
        <file crc="3523525305" name="modules/locale/org-netbeans-modules-editor-settings-storage_pt_BR.jar"/>
        <file crc="3039706895" name="modules/locale/org-netbeans-modules-editor-settings-storage_ru.jar"/>
        <file crc="3748458308" name="modules/locale/org-netbeans-modules-editor-settings-storage_zh_CN.jar"/>
        <file crc="1825838271" name="modules/org-netbeans-modules-editor-settings-storage.jar"/>
    </module_version>
</module>
