<?xml version="1.0" encoding="UTF-8"?><module codename="org.netbeans.spi.editor.hints.projects">
    <module_version install_time="1394472865198" last="true" origin="installer" specification_version="1.6.1.1.7">
        <file crc="3692722369" name="config/Modules/org-netbeans-spi-editor-hints-projects.xml"/>
        <file crc="781018775" name="modules/locale/org-netbeans-spi-editor-hints-projects_ja.jar"/>
        <file crc="85024001" name="modules/locale/org-netbeans-spi-editor-hints-projects_pt_BR.jar"/>
        <file crc="3765628654" name="modules/locale/org-netbeans-spi-editor-hints-projects_ru.jar"/>
        <file crc="4069963798" name="modules/locale/org-netbeans-spi-editor-hints-projects_zh_CN.jar"/>
        <file crc="3532481698" name="modules/org-netbeans-spi-editor-hints-projects.jar"/>
    </module_version>
</module>
