<?xml version="1.0" encoding="UTF-8"?><module codename="org.netbeans.spi.navigator/1">
    <module_version install_time="1394471933646" last="true" origin="installer" specification_version="1.32.1">
        <file crc="489298949" name="config/Modules/org-netbeans-spi-navigator.xml"/>
        <file crc="2263030163" name="modules/locale/org-netbeans-spi-navigator_ja.jar"/>
        <file crc="1821930230" name="modules/locale/org-netbeans-spi-navigator_pt_BR.jar"/>
        <file crc="1893517406" name="modules/locale/org-netbeans-spi-navigator_ru.jar"/>
        <file crc="728084721" name="modules/locale/org-netbeans-spi-navigator_zh_CN.jar"/>
        <file crc="1870346150" name="modules/org-netbeans-spi-navigator.jar"/>
    </module_version>
</module>
