<?xml version="1.0" encoding="UTF-8"?><module codename="org.netbeans.modules.projectuiapi/1">
    <module_version install_time="1394471997162" last="true" origin="installer" specification_version="1.76.1.8">
        <file crc="1472443289" name="config/ModuleAutoDeps/org-netbeans-modules-projectuiapi.xml"/>
        <file crc="1443847563" name="config/Modules/org-netbeans-modules-projectuiapi.xml"/>
        <file crc="2453414518" name="modules/locale/org-netbeans-modules-projectuiapi_ja.jar"/>
        <file crc="1588343163" name="modules/locale/org-netbeans-modules-projectuiapi_pt_BR.jar"/>
        <file crc="2160892872" name="modules/locale/org-netbeans-modules-projectuiapi_ru.jar"/>
        <file crc="1979372828" name="modules/locale/org-netbeans-modules-projectuiapi_zh_CN.jar"/>
        <file crc="1514575900" name="modules/org-netbeans-modules-projectuiapi.jar"/>
    </module_version>
</module>
