<?xml version="1.0" encoding="UTF-8"?><module codename="org.netbeans.modules.editor.settings/1">
    <module_version install_time="1394471057649" last="true" origin="installer" specification_version="1.52.1">
        <file crc="561761059" name="config/Modules/org-netbeans-modules-editor-settings.xml"/>
        <file crc="651298542" name="modules/locale/org-netbeans-modules-editor-settings_ja.jar"/>
        <file crc="802654970" name="modules/locale/org-netbeans-modules-editor-settings_pt_BR.jar"/>
        <file crc="4196766634" name="modules/locale/org-netbeans-modules-editor-settings_ru.jar"/>
        <file crc="2692923508" name="modules/locale/org-netbeans-modules-editor-settings_zh_CN.jar"/>
        <file crc="2023791015" name="modules/org-netbeans-modules-editor-settings.jar"/>
    </module_version>
</module>
