<?xml version="1.0" encoding="UTF-8"?><module codename="org.netbeans.modules.utilities/1">
    <module_version install_time="1394471792667" last="true" origin="installer" specification_version="1.55.1">
        <file crc="754223576" name="config/Modules/org-netbeans-modules-utilities.xml"/>
        <file crc="3711343769" name="modules/locale/org-netbeans-modules-utilities_ja.jar"/>
        <file crc="925402379" name="modules/locale/org-netbeans-modules-utilities_pt_BR.jar"/>
        <file crc="398824520" name="modules/locale/org-netbeans-modules-utilities_ru.jar"/>
        <file crc="3436964094" name="modules/locale/org-netbeans-modules-utilities_zh_CN.jar"/>
        <file crc="3901524030" name="modules/org-netbeans-modules-utilities.jar"/>
    </module_version>
</module>
