<?xml version="1.0" encoding="UTF-8"?><module codename="org.netbeans.modules.tasklist.kit">
    <module_version install_time="1394472726140" last="true" origin="installer" specification_version="1.24.1">
        <file crc="4190722416" name="config/Modules/org-netbeans-modules-tasklist-kit.xml"/>
        <file crc="488733478" name="modules/locale/org-netbeans-modules-tasklist-kit_ja.jar"/>
        <file crc="2494480542" name="modules/locale/org-netbeans-modules-tasklist-kit_pt_BR.jar"/>
        <file crc="1236084002" name="modules/locale/org-netbeans-modules-tasklist-kit_ru.jar"/>
        <file crc="2519297036" name="modules/locale/org-netbeans-modules-tasklist-kit_zh_CN.jar"/>
        <file crc="2311249042" name="modules/org-netbeans-modules-tasklist-kit.jar"/>
    </module_version>
</module>
