<?xml version="1.0" encoding="UTF-8"?><module codename="org.netbeans.modules.editor.errorstripe.api/1">
    <module_version install_time="1394471414045" last="true" origin="installer" specification_version="2.28.1.1">
        <file crc="437455388" name="config/Modules/org-netbeans-modules-editor-errorstripe-api.xml"/>
        <file crc="2078930671" name="modules/locale/org-netbeans-modules-editor-errorstripe-api_ja.jar"/>
        <file crc="3868112020" name="modules/locale/org-netbeans-modules-editor-errorstripe-api_pt_BR.jar"/>
        <file crc="356963633" name="modules/locale/org-netbeans-modules-editor-errorstripe-api_ru.jar"/>
        <file crc="3762230619" name="modules/locale/org-netbeans-modules-editor-errorstripe-api_zh_CN.jar"/>
        <file crc="3229294040" name="modules/org-netbeans-modules-editor-errorstripe-api.jar"/>
    </module_version>
</module>
