<?xml version="1.0" encoding="UTF-8"?><module codename="org.netbeans.modules.projectapi/1">
    <module_version install_time="1394471803951" last="true" origin="installer" specification_version="1.57.1">
        <file crc="2566874220" name="config/ModuleAutoDeps/org-netbeans-modules-projectapi.xml"/>
        <file crc="1088517943" name="config/Modules/org-netbeans-modules-projectapi.xml"/>
        <file crc="3826111921" name="modules/locale/org-netbeans-modules-projectapi_ja.jar"/>
        <file crc="1743731306" name="modules/locale/org-netbeans-modules-projectapi_pt_BR.jar"/>
        <file crc="3537090526" name="modules/locale/org-netbeans-modules-projectapi_ru.jar"/>
        <file crc="2352561808" name="modules/locale/org-netbeans-modules-projectapi_zh_CN.jar"/>
        <file crc="211991623" name="modules/org-netbeans-modules-projectapi.jar"/>
    </module_version>
</module>
