<?xml version="1.0" encoding="UTF-8"?><module codename="org.netbeans.core.osgi">
    <module_version install_time="1394471589642" last="true" origin="installer" specification_version="1.17.1">
        <file crc="4106410406" name="config/Modules/org-netbeans-core-osgi.xml"/>
        <file crc="3508833767" name="modules/locale/org-netbeans-core-osgi_ja.jar"/>
        <file crc="856023025" name="modules/locale/org-netbeans-core-osgi_pt_BR.jar"/>
        <file crc="1000624671" name="modules/locale/org-netbeans-core-osgi_ru.jar"/>
        <file crc="3796484978" name="modules/locale/org-netbeans-core-osgi_zh_CN.jar"/>
        <file crc="1603287579" name="modules/org-netbeans-core-osgi.jar"/>
    </module_version>
</module>
