<?xml version="1.0" encoding="UTF-8"?><module codename="org.netbeans.swing.tabcontrol">
    <module_version install_time="1394471726593" last="true" origin="installer" specification_version="1.50.1">
        <file crc="327432460" name="config/Modules/org-netbeans-swing-tabcontrol.xml"/>
        <file crc="1385984770" name="modules/locale/org-netbeans-swing-tabcontrol_ja.jar"/>
        <file crc="63692484" name="modules/locale/org-netbeans-swing-tabcontrol_pt_BR.jar"/>
        <file crc="3898414606" name="modules/locale/org-netbeans-swing-tabcontrol_ru.jar"/>
        <file crc="921752739" name="modules/locale/org-netbeans-swing-tabcontrol_zh_CN.jar"/>
        <file crc="329943640" name="modules/org-netbeans-swing-tabcontrol.jar"/>
    </module_version>
</module>
