<?xml version="1.0" encoding="UTF-8"?><module codename="org.netbeans.api.visual">
    <module_version install_time="1394471626210" last="true" origin="installer" specification_version="2.42.1">
        <file crc="1235850484" name="config/Modules/org-netbeans-api-visual.xml"/>
        <file crc="1721228289" name="modules/locale/org-netbeans-api-visual_ja.jar"/>
        <file crc="4241401005" name="modules/locale/org-netbeans-api-visual_pt_BR.jar"/>
        <file crc="92722013" name="modules/locale/org-netbeans-api-visual_ru.jar"/>
        <file crc="1193554807" name="modules/locale/org-netbeans-api-visual_zh_CN.jar"/>
        <file crc="2643096771" name="modules/org-netbeans-api-visual.jar"/>
    </module_version>
</module>
