<?xml version="1.0" encoding="UTF-8"?><module codename="org.netbeans.api.search">
    <module_version install_time="1394471769367" last="true" origin="installer" specification_version="1.16.1">
        <file crc="3710953649" name="config/Modules/org-netbeans-api-search.xml"/>
        <file crc="355759412" name="modules/locale/org-netbeans-api-search_ja.jar"/>
        <file crc="953858855" name="modules/locale/org-netbeans-api-search_pt_BR.jar"/>
        <file crc="3948614360" name="modules/locale/org-netbeans-api-search_ru.jar"/>
        <file crc="2355662928" name="modules/locale/org-netbeans-api-search_zh_CN.jar"/>
        <file crc="3560037689" name="modules/org-netbeans-api-search.jar"/>
    </module_version>
</module>
