<?xml version="1.0" encoding="UTF-8"?><module codename="org.openide.windows">
    <module_version install_time="1394471633152" last="true" origin="installer" specification_version="6.70.1">
        <file crc="3877728110" name="config/Modules/org-openide-windows.xml"/>
        <file crc="932378405" name="modules/locale/org-openide-windows_ja.jar"/>
        <file crc="2116617775" name="modules/locale/org-openide-windows_pt_BR.jar"/>
        <file crc="3820646033" name="modules/locale/org-openide-windows_ru.jar"/>
        <file crc="1460922024" name="modules/locale/org-openide-windows_zh_CN.jar"/>
        <file crc="2399732655" name="modules/org-openide-windows.jar"/>
    </module_version>
</module>
