<?xml version="1.0" encoding="UTF-8"?><module codename="org.openide.filesystems">
    <module_version install_time="1394471150225" last="true" origin="installer" specification_version="8.10.1">
        <file crc="4169761098" name="config/ModuleAutoDeps/org-openide-filesystems.xml"/>
        <file crc="2186332228" name="core/locale/org-openide-filesystems_ja.jar"/>
        <file crc="1878758769" name="core/locale/org-openide-filesystems_pt_BR.jar"/>
        <file crc="4272066954" name="core/locale/org-openide-filesystems_ru.jar"/>
        <file crc="2163471645" name="core/locale/org-openide-filesystems_zh_CN.jar"/>
        <file crc="3707858334" name="core/org-openide-filesystems.jar"/>
    </module_version>
</module>
