<?xml version="1.0" encoding="UTF-8"?><module codename="org.netbeans.modules.javahelp/1">
    <module_version install_time="1394471865202" last="true" origin="installer" specification_version="2.36.1">
        <file crc="3126457443" name="config/Modules/org-netbeans-modules-javahelp.xml"/>
        <file crc="3125108413" name="modules/ext/jhall-2.0_05.jar"/>
        <file crc="2120796881" name="modules/locale/org-netbeans-modules-javahelp_ja.jar"/>
        <file crc="1899622804" name="modules/locale/org-netbeans-modules-javahelp_pt_BR.jar"/>
        <file crc="3045558393" name="modules/locale/org-netbeans-modules-javahelp_ru.jar"/>
        <file crc="2455822245" name="modules/locale/org-netbeans-modules-javahelp_zh_CN.jar"/>
        <file crc="2397733423" name="modules/org-netbeans-modules-javahelp.jar"/>
    </module_version>
</module>
