<?xml version="1.0" encoding="UTF-8"?><module codename="org.openide.modules">
    <module_version install_time="1394471042028" last="true" origin="installer" specification_version="7.42.1">
        <file crc="1391508081" name="config/ModuleAutoDeps/org-openide-modules.xml"/>
        <file crc="2183088485" name="lib/locale/org-openide-modules_ja.jar"/>
        <file crc="2528132229" name="lib/locale/org-openide-modules_pt_BR.jar"/>
        <file crc="4239669053" name="lib/locale/org-openide-modules_ru.jar"/>
        <file crc="4196390958" name="lib/locale/org-openide-modules_zh_CN.jar"/>
        <file crc="5975374" name="lib/org-openide-modules.jar"/>
    </module_version>
</module>
