<?xml version="1.0" encoding="UTF-8"?><module codename="org.netbeans.api.annotations.common/1">
    <module_version install_time="1394469993553" last="true" origin="installer" specification_version="1.23.1">
        <file crc="1285559856" name="config/Modules/org-netbeans-api-annotations-common.xml"/>
        <file crc="1147287908" name="modules/locale/org-netbeans-api-annotations-common_ja.jar"/>
        <file crc="656593899" name="modules/locale/org-netbeans-api-annotations-common_pt_BR.jar"/>
        <file crc="1060600152" name="modules/locale/org-netbeans-api-annotations-common_ru.jar"/>
        <file crc="2674281910" name="modules/locale/org-netbeans-api-annotations-common_zh_CN.jar"/>
        <file crc="762353728" name="modules/org-netbeans-api-annotations-common.jar"/>
    </module_version>
</module>
