<?xml version="1.0" encoding="UTF-8"?><module codename="org.netbeans.modules.templates/1">
    <module_version install_time="1394472115196" last="true" origin="installer" specification_version="1.2.1">
        <file crc="1866266725" name="config/Modules/org-netbeans-modules-templates.xml"/>
        <file crc="3779175559" name="modules/locale/org-netbeans-modules-templates_ja.jar"/>
        <file crc="3449278307" name="modules/locale/org-netbeans-modules-templates_pt_BR.jar"/>
        <file crc="1845597596" name="modules/locale/org-netbeans-modules-templates_ru.jar"/>
        <file crc="935041555" name="modules/locale/org-netbeans-modules-templates_zh_CN.jar"/>
        <file crc="2019763763" name="modules/org-netbeans-modules-templates.jar"/>
    </module_version>
</module>
