<?xml version="1.0" encoding="UTF-8"?><module codename="org.netbeans.modules.masterfs.windows">
    <module_version install_time="1394471256799" last="true" origin="installer" specification_version="1.11.1">
        <file crc="2941073432" name="config/Modules/org-netbeans-modules-masterfs-windows.xml"/>
        <file crc="3500088699" name="modules/locale/org-netbeans-modules-masterfs-windows_ja.jar"/>
        <file crc="3971225595" name="modules/locale/org-netbeans-modules-masterfs-windows_pt_BR.jar"/>
        <file crc="1425093800" name="modules/locale/org-netbeans-modules-masterfs-windows_ru.jar"/>
        <file crc="3626839469" name="modules/locale/org-netbeans-modules-masterfs-windows_zh_CN.jar"/>
        <file crc="2599597622" name="modules/org-netbeans-modules-masterfs-windows.jar"/>
    </module_version>
</module>
