<?xml version="1.0" encoding="UTF-8"?><module codename="org.netbeans.modules.favorites/1">
    <module_version install_time="1394471781273" last="true" origin="installer" specification_version="1.39.1">
        <file crc="1394443980" name="config/Modules/org-netbeans-modules-favorites.xml"/>
        <file crc="1514960191" name="modules/locale/org-netbeans-modules-favorites_ja.jar"/>
        <file crc="856332038" name="modules/locale/org-netbeans-modules-favorites_pt_BR.jar"/>
        <file crc="1250112968" name="modules/locale/org-netbeans-modules-favorites_ru.jar"/>
        <file crc="1601384434" name="modules/locale/org-netbeans-modules-favorites_zh_CN.jar"/>
        <file crc="2236031745" name="modules/org-netbeans-modules-favorites.jar"/>
    </module_version>
</module>
