<?xml version="1.0" encoding="UTF-8"?><module codename="org.netbeans.modules.autoupdate.ui">
    <module_version install_time="1394472357830" last="true" origin="installer" specification_version="1.40.1">
        <file crc="123778612" name="config/Modules/org-netbeans-modules-autoupdate-ui.xml"/>
        <file crc="1593657237" name="modules/locale/org-netbeans-modules-autoupdate-ui_ja.jar"/>
        <file crc="3126860914" name="modules/locale/org-netbeans-modules-autoupdate-ui_pt_BR.jar"/>
        <file crc="2594885701" name="modules/locale/org-netbeans-modules-autoupdate-ui_ru.jar"/>
        <file crc="411078924" name="modules/locale/org-netbeans-modules-autoupdate-ui_zh_CN.jar"/>
        <file crc="545626996" name="modules/org-netbeans-modules-autoupdate-ui.jar"/>
    </module_version>
</module>
