<?xml version="1.0" encoding="UTF-8"?><module codename="org.netbeans.modules.autoupdate.services">
    <module_version install_time="1394471595952" last="true" origin="installer" specification_version="1.45.1">
        <file crc="83784818" name="config/Modules/org-netbeans-modules-autoupdate-services.xml"/>
        <file crc="879080704" name="modules/ext/locale/updater_ja.jar"/>
        <file crc="3680436726" name="modules/ext/locale/updater_pt_BR.jar"/>
        <file crc="1387463522" name="modules/ext/locale/updater_ru.jar"/>
        <file crc="3964769279" name="modules/ext/locale/updater_zh_CN.jar"/>
        <file crc="2653888911" name="modules/ext/updater.jar"/>
        <file crc="2901626612" name="modules/locale/org-netbeans-modules-autoupdate-services_ja.jar"/>
        <file crc="2921168460" name="modules/locale/org-netbeans-modules-autoupdate-services_pt_BR.jar"/>
        <file crc="2513823551" name="modules/locale/org-netbeans-modules-autoupdate-services_ru.jar"/>
        <file crc="1336742821" name="modules/locale/org-netbeans-modules-autoupdate-services_zh_CN.jar"/>
        <file crc="1887320570" name="modules/org-netbeans-modules-autoupdate-services.jar"/>
    </module_version>
</module>
