<?xml version="1.0" encoding="UTF-8"?><module codename="org.openide.text">
    <module_version install_time="1394471647866" last="true" origin="installer" specification_version="6.61.1">
        <file crc="2441864466" name="config/ModuleAutoDeps/org-openide-text.xml"/>
        <file crc="1795978028" name="config/Modules/org-openide-text.xml"/>
        <file crc="2788589931" name="modules/locale/org-openide-text_ja.jar"/>
        <file crc="569524613" name="modules/locale/org-openide-text_pt_BR.jar"/>
        <file crc="3909082780" name="modules/locale/org-openide-text_ru.jar"/>
        <file crc="4233796328" name="modules/locale/org-openide-text_zh_CN.jar"/>
        <file crc="3294611079" name="modules/org-openide-text.jar"/>
    </module_version>
</module>
