<?xml version="1.0" encoding="UTF-8"?><module codename="org.netbeans.modules.keyring.impl">
    <module_version install_time="1394471216910" last="true" origin="installer" specification_version="1.18.1">
        <file crc="729697579" name="config/Modules/org-netbeans-modules-keyring-impl.xml"/>
        <file crc="732623690" name="modules/locale/org-netbeans-modules-keyring-impl_ja.jar"/>
        <file crc="639132364" name="modules/locale/org-netbeans-modules-keyring-impl_pt_BR.jar"/>
        <file crc="3641944850" name="modules/locale/org-netbeans-modules-keyring-impl_ru.jar"/>
        <file crc="920735643" name="modules/locale/org-netbeans-modules-keyring-impl_zh_CN.jar"/>
        <file crc="2704170705" name="modules/org-netbeans-modules-keyring-impl.jar"/>
    </module_version>
</module>
