<?xml version="1.0" encoding="UTF-8"?><module codename="org.netbeans.modules.sampler">
    <module_version install_time="1394471798244" last="true" origin="installer" specification_version="1.9.1">
        <file crc="3630527653" name="config/Modules/org-netbeans-modules-sampler.xml"/>
        <file crc="2081362616" name="modules/locale/org-netbeans-modules-sampler_ja.jar"/>
        <file crc="2526603996" name="modules/locale/org-netbeans-modules-sampler_pt_BR.jar"/>
        <file crc="2929252659" name="modules/locale/org-netbeans-modules-sampler_ru.jar"/>
        <file crc="3608003484" name="modules/locale/org-netbeans-modules-sampler_zh_CN.jar"/>
        <file crc="2125093288" name="modules/org-netbeans-modules-sampler.jar"/>
    </module_version>
</module>
