<?xml version="1.0" encoding="UTF-8"?><module codename="org.netbeans.modules.masterfs/2">
    <module_version install_time="1394471245836" last="true" origin="installer" specification_version="2.46.1">
        <file crc="1644917168" name="config/Modules/org-netbeans-modules-masterfs.xml"/>
        <file crc="4217622636" name="modules/locale/org-netbeans-modules-masterfs_ja.jar"/>
        <file crc="5862920" name="modules/locale/org-netbeans-modules-masterfs_pt_BR.jar"/>
        <file crc="3861825713" name="modules/locale/org-netbeans-modules-masterfs_ru.jar"/>
        <file crc="2217016086" name="modules/locale/org-netbeans-modules-masterfs_zh_CN.jar"/>
        <file crc="2519760936" name="modules/org-netbeans-modules-masterfs.jar"/>
    </module_version>
</module>
