<?xml version="1.0" encoding="UTF-8"?><module codename="org.netbeans.libs.jna.platform/1">
    <module_version install_time="1394471069654" last="true" origin="installer" specification_version="1.5.1">
        <file crc="2225677004" name="config/Modules/org-netbeans-libs-jna-platform.xml"/>
        <file crc="3857359608" name="modules/ext/platform-3.4.0.jar"/>
        <file crc="4197002919" name="modules/locale/org-netbeans-libs-jna-platform_ja.jar"/>
        <file crc="1030940694" name="modules/locale/org-netbeans-libs-jna-platform_pt_BR.jar"/>
        <file crc="1698832190" name="modules/locale/org-netbeans-libs-jna-platform_ru.jar"/>
        <file crc="3350123209" name="modules/locale/org-netbeans-libs-jna-platform_zh_CN.jar"/>
        <file crc="3233581332" name="modules/org-netbeans-libs-jna-platform.jar"/>
    </module_version>
</module>
