<?xml version="1.0" encoding="UTF-8"?><module codename="org.netbeans.core.multitabs/1">
    <module_version install_time="1394472814566" last="true" origin="installer" specification_version="1.7.1.1">
        <file crc="3018881510" name="config/Modules/org-netbeans-core-multitabs.xml"/>
        <file crc="1070294408" name="modules/locale/org-netbeans-core-multitabs_ja.jar"/>
        <file crc="3083805808" name="modules/locale/org-netbeans-core-multitabs_pt_BR.jar"/>
        <file crc="2793465943" name="modules/locale/org-netbeans-core-multitabs_ru.jar"/>
        <file crc="3108593873" name="modules/locale/org-netbeans-core-multitabs_zh_CN.jar"/>
        <file crc="4054278489" name="modules/org-netbeans-core-multitabs.jar"/>
    </module_version>
</module>
