<?xml version="1.0" encoding="UTF-8"?><module codename="org.netbeans.swing.outline">
    <module_version install_time="1394470934834" last="true" origin="installer" specification_version="1.29.1">
        <file crc="3679534386" name="config/Modules/org-netbeans-swing-outline.xml"/>
        <file crc="186374751" name="modules/locale/org-netbeans-swing-outline_ja.jar"/>
        <file crc="863335780" name="modules/locale/org-netbeans-swing-outline_pt_BR.jar"/>
        <file crc="583177092" name="modules/locale/org-netbeans-swing-outline_ru.jar"/>
        <file crc="3881204730" name="modules/locale/org-netbeans-swing-outline_zh_CN.jar"/>
        <file crc="1560832797" name="modules/org-netbeans-swing-outline.jar"/>
    </module_version>
</module>
